id,first_name,last_name,email,gender,ip_address
1,Wendel,Le Teve,wleteve0@ox.ac.uk,Male,83.217.167.89
2,Rabi,Eglington,reglington1@sbwire.com,Male,209.176.87.19
3,Hebert,Fussell,hfussell2@bloglines.com,Male,90.213.36.153
4,Rhody,Curnucke,rcurnucke3@wufoo.com,Female,205.199.156.147
5,Patsy,Dysert,pdysert4@sogou.com,Female,194.70.128.33
6,Minna,Downham,mdownham5@barnesandnoble.com,Genderfluid,24.128.208.33
7,Hersh,Hutchinson,hhutchinson6@vistaprint.com,Male,151.185.115.30
8,Marissa,Graith,mgraith7@mtv.com,Female,179.64.187.211
9,Leonid,Mills,lmills8@webeden.co.uk,Genderfluid,255.76.127.14
10,Leela,Corbally,lcorbally9@indiatimes.com,Female,64.104.20.226
11,Brade,Grutchfield,bgrutchfielda@ca.gov,Male,84.194.213.94
12,Skippie,Josilowski,sjosilowskib@prweb.com,Male,187.65.80.59
13,Cassandry,Le Friec,clefriecc@dot.gov,Genderfluid,149.240.131.38
14,Mendie,Tynemouth,mtynemouthd@go.com,Male,249.90.133.0
15,Mady,Lumley,mlumleye@cdc.gov,Female,124.132.186.7
16,Cecil,Kleszinski,ckleszinskif@jigsy.com,Female,103.94.74.66
17,Iain,Whitters,iwhittersg@tumblr.com,Male,19.52.4.180
18,Chico,Harsnipe,charsnipeh@aol.com,Male,67.43.143.151
19,Hermie,Gutsell,hgutselli@upenn.edu,Male,226.175.204.214
20,Dacie,Petherick,dpetherickj@cnet.com,Genderfluid,104.133.10.189
21,Ludovika,MacElroy,lmacelroyk@ebay.co.uk,Female,139.67.93.154
22,Beau,Bortoletti,bbortolettil@house.gov,Male,120.148.142.54
23,Hurley,Scowcraft,hscowcraftm@reverbnation.com,Male,102.255.8.6
24,Darell,Mullane,dmullanen@google.co.uk,Female,178.165.74.21
25,Regan,Fice,rficeo@istockphoto.com,Male,144.52.211.137
26,Lou,Holwell,lholwellp@livejournal.com,Female,54.55.136.113
27,Ruperto,Cathie,rcathieq@aboutads.info,Male,186.237.24.57
28,Sig,Vasser,svasserr@youtube.com,Male,12.163.207.229
29,Ulberto,Medcalfe,umedcalfes@phoca.cz,Genderfluid,172.95.111.214
30,Mabelle,Verrell,mverrellt@a8.net,Female,9.39.120.11
31,Allister,Burniston,aburnistonu@exblog.jp,Male,79.202.20.98
32,Cathrin,Ghidini,cghidiniv@cnet.com,Female,247.32.74.72
33,Northrop,Ortells,nortellsw@google.co.jp,Male,159.122.5.191
34,Christin,Bentson,cbentsonx@acquirethisname.com,Female,249.134.100.194
35,Aubrie,Wollers,awollersy@wordpress.com,Female,100.177.162.191
36,Gabe,Screach,gscreachz@macromedia.com,Male,210.0.236.158
37,Ninetta,Desforges,ndesforges10@guardian.co.uk,Female,4.121.146.216
38,Jacques,Le Moucheux,jlemoucheux11@imgur.com,Male,52.73.108.147
39,Glenn,Crean,gcrean12@w3.org,Male,192.58.81.110
40,Delinda,Scarce,dscarce13@sun.com,Female,159.6.188.67
41,Katherine,Cortez,kcortez14@comcast.net,Female,180.4.154.110
42,Prisca,Havik,phavik15@dion.ne.jp,Female,123.86.194.211
43,Gerianna,Shadrack,gshadrack16@zdnet.com,Female,149.128.249.194
44,Cort,Kirton,ckirton17@wunderground.com,Male,80.43.85.10
45,Claiborne,Liverock,cliverock18@discovery.com,Male,216.238.86.220
46,Courtenay,Kopmann,ckopmann19@youtu.be,Female,212.101.48.59
47,Kippie,Leguey,kleguey1a@europa.eu,Male,216.141.11.13
48,Cesaro,Trenoweth,ctrenoweth1b@live.com,Male,93.3.111.111
49,Johnny,Sanford,jsanford1c@fda.gov,Male,190.132.18.127
50,Troy,Heymes,theymes1d@blogtalkradio.com,Male,238.174.80.159
51,Rodger,Debold,rdebold1e@freewebs.com,Male,72.243.2.196
52,Araldo,Hacon,ahacon1f@cisco.com,Agender,161.11.175.20
53,Ailene,Dmitr,admitr1g@gravatar.com,Female,101.124.54.181
54,Gelya,Beddoe,gbeddoe1h@oaic.gov.au,Female,163.22.171.8
55,Louisette,Physick,lphysick1i@mit.edu,Female,3.222.86.186
56,Kennedy,Lygoe,klygoe1j@wix.com,Male,118.97.6.93
57,Guillaume,Simionato,gsimionato1k@tinypic.com,Male,140.58.57.133
58,Kelsi,Linnett,klinnett1l@flavors.me,Female,159.90.33.202
59,Moira,Hablet,mhablet1m@yale.edu,Female,120.167.12.182
60,Weylin,Scarratt,wscarratt1n@tinypic.com,Male,95.108.73.26
61,Aldrich,Kores,akores1o@hp.com,Male,5.13.128.22
62,Giraud,Rubbens,grubbens1p@ask.com,Male,76.12.179.213
63,Nathalia,Kloser,nkloser1q@wp.com,Female,68.14.92.213
64,Kennie,Jeaneau,kjeaneau1r@loc.gov,Male,251.31.105.205
65,Peirce,Allmark,pallmark1s@nasa.gov,Male,91.81.174.238
66,Mario,Ravens,mravens1t@sphinn.com,Male,83.177.130.21
67,Claybourne,Cyseley,ccyseley1u@amazon.co.jp,Male,71.99.74.55
68,Mirelle,Tomankowski,mtomankowski1v@vimeo.com,Female,57.95.77.2
69,Theodora,Tebbut,ttebbut1w@ycombinator.com,Female,7.157.60.164
70,Dolley,Le Grove,dlegrove1x@mapy.cz,Female,250.176.132.204
71,Rob,Littleover,rlittleover1y@goo.gl,Male,218.35.124.172
72,Karina,Sidnall,ksidnall1z@loc.gov,Female,1.71.197.235
73,Dilan,Winckles,dwinckles20@fastcompany.com,Male,223.32.73.106
74,Hobart,Artingstall,hartingstall21@ucla.edu,Polygender,34.230.230.40
75,Ashlie,Faithfull,afaithfull22@yahoo.com,Female,120.32.6.147
76,Jackie,Pallesen,jpallesen23@shinystat.com,Male,156.106.253.211
77,Ashley,Baumert,abaumert24@rambler.ru,Bigender,251.197.37.180
78,Buffy,Bortoletti,bbortoletti25@instagram.com,Female,104.76.131.167
79,Boyce,Calderon,bcalderon26@yale.edu,Male,187.164.159.122
80,Lalo,Critchard,lcritchard27@barnesandnoble.com,Male,72.138.22.9
81,Andrus,Jolin,ajolin28@java.com,Polygender,198.141.72.70
82,Cicily,Audrey,caudrey29@phpbb.com,Female,102.26.98.220
83,Goldia,Aspel,gaspel2a@whitehouse.gov,Female,172.91.84.56
84,Urbano,Lohmeyer,ulohmeyer2b@buzzfeed.com,Male,175.166.158.26
85,Ludovico,Wickardt,lwickardt2c@craigslist.org,Male,73.161.118.25
86,Vida,Falvey,vfalvey2d@yellowbook.com,Female,229.90.234.89
87,Yancey,Shafto,yshafto2e@kickstarter.com,Male,25.243.169.251
88,Elston,Backhouse,ebackhouse2f@whitehouse.gov,Male,164.73.213.252
89,Harvey,D'Antonio,hdantonio2g@cnbc.com,Male,226.247.74.102
90,Ludovika,Greenstead,lgreenstead2h@cafepress.com,Female,130.102.175.137
91,Hewe,Dyter,hdyter2i@geocities.jp,Male,188.98.236.124
92,Taber,Wattins,twattins2j@wufoo.com,Male,28.98.133.34
93,Rozina,Lampkin,rlampkin2k@symantec.com,Female,198.10.119.221
94,Marylou,O'Donnell,modonnell2l@hp.com,Female,30.94.47.37
95,Cloris,Stother,cstother2m@webs.com,Female,129.35.189.3
96,Jocelyne,Ellul,jellul2n@acquirethisname.com,Female,229.176.204.193
97,Alard,Sirmon,asirmon2o@wikispaces.com,Male,82.2.216.174
98,Dale,Rothon,drothon2p@engadget.com,Male,183.222.203.71
99,Rivy,Bocken,rbocken2q@jiathis.com,Female,81.55.187.42
100,Dolph,Kelley,dkelley2r@usda.gov,Male,2.12.98.125
101,Prentiss,FitzGilbert,pfitzgilbert2s@phoca.cz,Male,230.80.54.21
102,Sonya,Lilywhite,slilywhite2t@vistaprint.com,Female,52.112.114.133
103,Royall,Bowdon,rbowdon2u@ftc.gov,Male,148.7.158.146
104,Isidro,Proven,iproven2v@hao123.com,Male,112.196.176.42
105,Nelly,Layland,nlayland2w@google.com.br,Female,190.120.201.199
106,Berti,Bentke,bbentke2x@yelp.com,Female,236.34.217.49
107,Latia,Stone Fewings,lstonefewings2y@plala.or.jp,Genderqueer,213.192.211.149
108,Rebecka,Pendered,rpendered2z@google.com.br,Female,162.27.100.45
109,Derrik,Ethelston,dethelston30@boston.com,Male,92.253.104.175
110,Hugh,Clout,hclout31@storify.com,Male,185.19.104.150
111,Kitti,Westgate,kwestgate32@usa.gov,Female,232.205.163.150
112,Cale,Dicty,cdicty33@shop-pro.jp,Male,254.82.143.34
113,Jade,Jailler,jjailler34@eepurl.com,Female,241.23.53.28
114,Hubert,Tomenson,htomenson35@intel.com,Male,210.56.49.79
115,Brit,Hounsom,bhounsom36@netscape.com,Male,188.142.194.121
116,Barnaby,Lowater,blowater37@oracle.com,Male,24.54.194.197
117,Frank,Eggle,feggle38@hibu.com,Male,177.14.89.180
118,Ab,Duckfield,aduckfield39@wikimedia.org,Male,37.65.0.108
119,Wilone,Gillean,wgillean3a@amazon.co.uk,Female,54.94.181.27
120,Udall,Astlet,uastlet3b@topsy.com,Male,12.200.173.192
121,Una,Slinn,uslinn3c@people.com.cn,Female,139.240.21.174
122,Domenico,Emby,demby3d@dyndns.org,Male,168.176.79.246
123,Paulo,Ridler,pridler3e@reddit.com,Male,18.176.49.62
124,Valle,Franey,vfraney3f@alexa.com,Male,185.196.79.22
125,Peggi,Trembley,ptrembley3g@sciencedaily.com,Female,240.37.55.31
126,Pearce,Tiller,ptiller3h@adobe.com,Male,169.191.215.9
127,Brit,Stebbings,bstebbings3i@purevolume.com,Male,80.10.252.211
128,Eli,Barnewille,ebarnewille3j@yahoo.co.jp,Male,54.250.116.21
129,Hanna,Groneway,hgroneway3k@list-manage.com,Female,180.54.74.204
130,Rabbi,Byas,rbyas3l@shutterfly.com,Male,241.214.88.36
131,Taylor,Limbourne,tlimbourne3m@go.com,Male,204.184.95.21
132,Darbee,Ortmann,dortmann3n@dagondesign.com,Male,81.171.252.183
133,Yvon,Seebert,yseebert3o@youku.com,Male,220.160.243.14
134,Marijn,Mauvin,mmauvin3p@deviantart.com,Male,64.162.35.123
135,Aleksandr,Polak,apolak3q@e-recht24.de,Male,148.99.109.215
136,Wernher,Birtchnell,wbirtchnell3r@businessinsider.com,Male,129.150.215.152
137,Juan,Chinn,jchinn3s@fotki.com,Male,226.108.74.81
138,Hulda,Theobold,htheobold3t@weather.com,Female,30.55.32.169
139,Marietta,Feldhammer,mfeldhammer3u@yahoo.com,Male,215.220.75.34
140,Thibaut,Matzke,tmatzke3v@discovery.com,Male,159.224.25.48
141,Marty,Sloan,msloan3w@vimeo.com,Female,57.16.148.50
142,Guinevere,Oki,goki3x@examiner.com,Female,92.74.137.90
143,Huntlee,Kabisch,hkabisch3y@bigcartel.com,Male,22.170.135.166
144,Valenka,Van de Velde,vvandevelde3z@booking.com,Polygender,14.175.109.23
145,Keefe,Lanchbury,klanchbury40@parallels.com,Male,117.160.91.131
146,Amaleta,Iacobini,aiacobini41@yolasite.com,Female,224.59.81.244
147,Chris,Rasper,crasper42@xrea.com,Female,165.144.160.57
148,Miguel,O'Cosgra,mocosgra43@newyorker.com,Male,218.71.190.124
149,Artemas,Yeskin,ayeskin44@toplist.cz,Male,167.43.16.5
150,Davidde,Teasdale-Markie,dteasdalemarkie45@php.net,Male,119.211.151.100
151,Isa,Tulip,itulip46@nba.com,Female,116.175.159.104
152,Margalit,McGillreich,mmcgillreich47@squidoo.com,Female,94.12.212.70
153,Arleyne,Wimes,awimes48@ft.com,Female,58.17.39.174
154,Mathe,Hardwin,mhardwin49@bbb.org,Male,61.103.87.54
155,Annis,Baly,abaly4a@feedburner.com,Female,48.106.106.69
156,Ilise,Le land,ileland4b@msu.edu,Bigender,194.158.124.123
157,Anne-marie,Doble,adoble4c@slate.com,Female,254.42.70.12
158,Othilie,D'Alesio,odalesio4d@ted.com,Female,212.237.168.176
159,Aubry,Waterman,awaterman4e@miibeian.gov.cn,Female,61.140.153.103
160,Alvina,Manchett,amanchett4f@state.tx.us,Female,226.42.153.118
161,Louise,Thomtson,lthomtson4g@mtv.com,Female,210.68.37.60
162,Deborah,Haddleton,dhaddleton4h@instagram.com,Female,57.201.224.135
163,Niko,Martusewicz,nmartusewicz4i@so-net.ne.jp,Male,201.206.130.183
164,Hadlee,Willox,hwillox4j@1und1.de,Male,247.179.12.4
165,Wilden,Drynan,wdrynan4k@wp.com,Male,160.92.125.63
166,Torre,Mariner,tmariner4l@angelfire.com,Male,19.33.2.110
167,Clifford,Slatter,cslatter4m@booking.com,Male,248.95.17.42
168,Janette,Sineath,jsineath4n@nifty.com,Female,156.20.138.112
169,Roxi,Beament,rbeament4o@house.gov,Female,18.117.195.169
170,Goraud,Townes,gtownes4p@scientificamerican.com,Male,33.106.13.56
171,Celestine,Rundall,crundall4q@nhs.uk,Female,89.64.0.229
172,Desdemona,Dogerty,ddogerty4r@istockphoto.com,Female,206.89.229.159
173,Washington,Petrushkevich,wpetrushkevich4s@narod.ru,Male,139.105.42.14
174,Adrian,Le Brom,alebrom4t@reuters.com,Male,21.50.92.103
175,Skippie,Craigie,scraigie4u@china.com.cn,Male,92.69.246.3
176,Gan,Wibberley,gwibberley4v@washingtonpost.com,Male,44.178.114.173
177,Jennilee,Diche,jdiche4w@wp.com,Female,83.48.154.237
178,Vernor,Shayler,vshayler4x@google.com.au,Male,196.181.188.172
179,Rodge,Blanket,rblanket4y@bloomberg.com,Male,15.122.131.68
180,Andreas,Caldeyroux,acaldeyroux4z@dagondesign.com,Male,237.117.164.12
181,Lotta,Rodell,lrodell50@latimes.com,Female,29.136.119.226
182,Sheelah,Challicombe,schallicombe51@cnet.com,Female,41.81.219.140
183,Norton,Jadczak,njadczak52@elegantthemes.com,Male,62.119.238.150
184,Davin,Gokes,dgokes53@mlb.com,Male,37.216.95.142
185,Sorcha,Hammett,shammett54@vimeo.com,Female,29.87.12.208
186,Erasmus,Kidner,ekidner55@bing.com,Male,183.251.114.166
187,Haley,Jordin,hjordin56@thetimes.co.uk,Male,169.39.128.104
188,Pippy,Pock,ppock57@deviantart.com,Agender,192.149.196.101
189,Adaline,Mc Meekin,amcmeekin58@newsvine.com,Female,140.94.176.47
190,Ruben,Frostick,rfrostick59@creativecommons.org,Male,161.73.126.240
191,Shannon,Malster,smalster5a@creativecommons.org,Male,145.88.125.235
192,Nicholas,Pocknoll,npocknoll5b@theguardian.com,Male,151.143.130.11
193,Phillie,Deares,pdeares5c@liveinternet.ru,Female,173.149.182.41
194,Massimiliano,Gudgen,mgudgen5d@godaddy.com,Male,55.41.94.39
195,Doug,Reddoch,dreddoch5e@google.ca,Male,196.172.128.161
196,Dannel,MacDonald,dmacdonald5f@mysql.com,Male,236.164.209.159
197,Town,Brumbye,tbrumbye5g@dagondesign.com,Male,60.186.99.189
198,Palmer,Canniffe,pcanniffe5h@dyndns.org,Non-binary,195.241.14.73
199,Mylo,Carty,mcarty5i@dot.gov,Male,101.180.114.114
200,Tabina,Bown,tbown5j@fda.gov,Female,237.148.228.182
201,Sasha,Goldson,sgoldson5k@bandcamp.com,Male,152.127.103.70
202,Jobi,Adanet,jadanet5l@marketwatch.com,Female,219.75.99.55
203,Marianne,Cossar,mcossar5m@bloomberg.com,Female,67.116.47.107
204,Erny,MacKaile,emackaile5n@prweb.com,Male,123.237.9.66
205,Freedman,Kruschev,fkruschev5o@geocities.com,Male,142.5.79.56
206,Dominick,Nobbs,dnobbs5p@tumblr.com,Male,10.44.56.62
207,Tynan,Caiger,tcaiger5q@google.cn,Male,199.226.90.225
208,Jourdain,Bunyard,jbunyard5r@china.com.cn,Male,177.202.148.63
209,Jannel,Ruffy,jruffy5s@hostgator.com,Female,130.164.213.111
210,Charlena,Axup,caxup5t@macromedia.com,Female,234.101.231.39
211,Benedict,Calbreath,bcalbreath5u@bigcartel.com,Male,230.226.2.241
212,Maddie,Magee,mmagee5v@marriott.com,Female,203.243.76.109
213,Danny,Thombleson,dthombleson5w@storify.com,Female,191.44.11.146
214,Gran,Purkess,gpurkess5x@tinyurl.com,Male,23.9.248.83
215,Colleen,Hamner,chamner5y@comcast.net,Female,249.144.7.85
216,Darnall,Knight,dknight5z@epa.gov,Male,18.209.76.206
217,Joelie,Tofano,jtofano60@issuu.com,Female,105.34.202.52
218,Daisey,Allmond,dallmond61@cornell.edu,Female,63.115.44.95
219,Vonnie,Sends,vsends62@msu.edu,Female,13.127.2.229
220,Gwenni,Ganderton,gganderton63@ibm.com,Female,92.224.11.118
221,Germana,Luckey,gluckey64@zimbio.com,Female,110.118.51.209
222,Derrick,Conigsby,dconigsby65@wired.com,Male,115.16.253.234
223,Alec,Oleszkiewicz,aoleszkiewicz66@npr.org,Male,159.125.35.174
224,Karine,Anslow,kanslow67@sitemeter.com,Female,173.235.131.250
225,Cecily,Stead,cstead68@hubpages.com,Female,216.230.71.86
226,Stefano,Dunning,sdunning69@woothemes.com,Male,188.8.5.84
227,Conrado,Cawdron,ccawdron6a@list-manage.com,Male,162.228.168.67
228,Jordan,Dodsley,jdodsley6b@google.ca,Female,80.205.78.114
229,Bird,Northbridge,bnorthbridge6c@wikispaces.com,Female,54.77.75.252
230,Sargent,Vickery,svickery6d@msu.edu,Male,73.133.78.97
231,Buckie,Skepper,bskepper6e@prlog.org,Male,249.198.133.42
232,Gaelan,Sybbe,gsybbe6f@hexun.com,Male,115.196.97.13
233,Marrilee,Turk,mturk6g@cam.ac.uk,Female,14.221.140.229
234,Millie,Bissell,mbissell6h@youku.com,Female,130.35.20.235
235,Grantley,Bramham,gbramham6i@artisteer.com,Male,83.3.192.70
236,Boonie,Pretorius,bpretorius6j@linkedin.com,Genderqueer,4.69.12.226
237,Lenette,McHan,lmchan6k@hexun.com,Female,211.236.64.44
238,Esdras,Gilstin,egilstin6l@arstechnica.com,Male,200.204.60.135
239,Martainn,Kunrad,mkunrad6m@odnoklassniki.ru,Genderqueer,142.31.52.252
240,Vern,Dudney,vdudney6n@samsung.com,Male,142.111.187.208
241,Vaclav,Genery,vgenery6o@ustream.tv,Genderfluid,197.63.106.253
242,Penny,McGriffin,pmcgriffin6p@odnoklassniki.ru,Female,136.244.11.32
243,Lawrence,Haythorne,lhaythorne6q@friendfeed.com,Male,46.194.187.69
244,Nance,Biermatowicz,nbiermatowicz6r@eventbrite.com,Agender,104.242.239.162
245,Jeffy,Douglass,jdouglass6s@fc2.com,Male,105.184.26.85
246,Dane,Prangley,dprangley6t@cbsnews.com,Male,133.80.85.195
247,Rawley,Gurr,rgurr6u@pagesperso-orange.fr,Male,69.92.211.172
248,Ben,Whetland,bwhetland6v@domainmarket.com,Male,77.114.103.142
249,My,Jozsa,mjozsa6w@google.pl,Male,122.230.63.67
250,Evangelin,Brice,ebrice6x@biglobe.ne.jp,Female,127.80.201.20
251,Maude,Wilstead,mwilstead6y@mail.ru,Female,129.137.39.125
252,Gerianna,Davidoff,gdavidoff6z@washington.edu,Female,158.92.31.88
253,Elisabet,Hammell,ehammell70@woothemes.com,Female,216.74.64.248
254,Orlan,Cashman,ocashman71@sciencedaily.com,Male,207.194.41.1
255,Belita,Demer,bdemer72@sitemeter.com,Female,138.12.250.189
256,Kimbell,Fabbro,kfabbro73@hubpages.com,Male,143.190.9.160
257,Donnie,Paoloni,dpaoloni74@ucla.edu,Male,160.88.202.53
258,Alister,Ricciardello,aricciardello75@scribd.com,Male,222.95.125.193
259,Delcine,Ricket,dricket76@linkedin.com,Female,250.123.169.84
260,Wash,Proffer,wproffer77@sitemeter.com,Male,134.152.38.221
261,Devora,Gorst,dgorst78@moonfruit.com,Female,197.51.239.104
262,Rhonda,Babbs,rbabbs79@imgur.com,Female,39.132.202.213
263,Holden,Kingscote,hkingscote7a@rediff.com,Male,146.206.253.232
264,Krisha,Bevir,kbevir7b@google.fr,Male,5.127.67.165
265,Verena,Guyet,vguyet7c@cornell.edu,Female,32.33.181.191
266,Doy,de Voiels,ddevoiels7d@webmd.com,Male,245.255.70.8
267,Remus,Gammel,rgammel7e@vk.com,Male,169.17.199.21
268,Kalie,Sitch,ksitch7f@typepad.com,Female,238.233.246.175
269,Elia,Mordey,emordey7g@google.cn,Male,70.233.209.236
270,Berny,Aylmore,baylmore7h@eventbrite.com,Male,195.107.26.64
271,Rosalinda,Waryk,rwaryk7i@virginia.edu,Female,220.34.29.117
272,Rosalie,Dunham,rdunham7j@imageshack.us,Female,244.10.18.47
273,Laurent,Puddan,lpuddan7k@angelfire.com,Male,136.78.126.93
274,Lyssa,De Roeck,lderoeck7l@dell.com,Genderqueer,40.196.125.241
275,Hubey,Croneen,hcroneen7m@163.com,Male,167.27.0.81
276,El,Weare,eweare7n@tripod.com,Male,142.181.232.229
277,Dorey,Housby,dhousby7o@wisc.edu,Male,243.187.178.173
278,Orville,Normavell,onormavell7p@blogger.com,Male,34.44.62.215
279,Kitti,Brimmacombe,kbrimmacombe7q@e-recht24.de,Female,141.40.48.221
280,Leshia,Hyndes,lhyndes7r@histats.com,Female,73.114.245.71
281,Dew,Gilmartin,dgilmartin7s@google.ca,Male,3.70.111.229
282,Gnni,Hoonahan,ghoonahan7t@dedecms.com,Female,245.198.238.97
283,Heddi,Twittey,htwittey7u@spiegel.de,Female,151.128.84.202
284,Trisha,Haylock,thaylock7v@google.com.au,Female,246.193.240.255
285,Nanete,Rounding,nrounding7w@admin.ch,Female,119.126.40.233
286,Alika,Izatson,aizatson7x@oaic.gov.au,Female,81.4.178.196
287,Hewet,Grzeszczyk,hgrzeszczyk7y@sitemeter.com,Male,43.240.5.52
288,Loleta,Bryden,lbryden7z@tripadvisor.com,Female,107.225.115.127
289,Nappie,Trow,ntrow80@foxnews.com,Genderqueer,17.39.208.123
290,Mildrid,Morville,mmorville81@msu.edu,Female,51.6.10.37
291,Whitney,Hellyar,whellyar82@qq.com,Male,35.124.155.199
292,Claudia,Grinnov,cgrinnov83@si.edu,Bigender,30.219.172.80
293,Kirstin,Sigward,ksigward84@bluehost.com,Female,209.137.193.103
294,Denis,Meachem,dmeachem85@about.me,Male,192.110.142.199
295,Helge,Grahlman,hgrahlman86@paypal.com,Genderqueer,70.248.246.122
296,Alric,Fowlestone,afowlestone87@nbcnews.com,Male,137.29.15.38
297,Finn,Morton,fmorton88@cnet.com,Male,78.174.80.67
298,Arly,Masterton,amasterton89@woothemes.com,Female,251.90.44.32
299,Homere,Ikringill,hikringill8a@hp.com,Male,168.170.213.145
300,Juliana,Castane,jcastane8b@cisco.com,Bigender,67.24.116.241
301,Hort,Crayk,hcrayk8c@posterous.com,Male,230.131.206.168
302,Joanna,Mannagh,jmannagh8d@bloglines.com,Female,113.45.153.38
303,Letisha,Moral,lmoral8e@nytimes.com,Female,7.108.169.203
304,Jackelyn,Roalfe,jroalfe8f@google.ru,Female,13.4.225.70
305,Eldredge,Raffin,eraffin8g@opensource.org,Male,115.41.160.211
306,Jeffy,Hitcham,jhitcham8h@newyorker.com,Genderfluid,124.82.223.232
307,Melantha,Weippert,mweippert8i@stanford.edu,Female,11.248.169.11
308,Vivien,Comiskey,vcomiskey8j@usgs.gov,Female,120.250.176.135
309,Lea,Ludy,lludy8k@about.com,Female,104.133.252.217
310,Liva,Beden,lbeden8l@wordpress.org,Female,94.207.51.179
311,Nanni,Robertsson,nrobertsson8m@tumblr.com,Bigender,202.93.206.253
312,Rora,Plane,rplane8n@hatena.ne.jp,Female,166.51.123.187
313,Clara,Gostall,cgostall8o@google.com.au,Female,69.36.227.10
314,Amabel,Lambert,alambert8p@friendfeed.com,Female,203.6.95.254
315,Paige,Kearle,pkearle8q@sciencedirect.com,Female,185.29.23.51
316,Vinnie,Bothwell,vbothwell8r@mail.ru,Male,49.198.113.240
317,Umberto,Schrei,uschrei8s@livejournal.com,Genderqueer,134.226.128.247
318,Eugenius,Jaffray,ejaffray8t@springer.com,Male,85.169.103.138
319,Emiline,Ludford,eludford8u@usgs.gov,Female,193.226.124.158
320,Dolly,Cockell,dcockell8v@merriam-webster.com,Female,111.204.212.145
321,Freeman,Triner,ftriner8w@imgur.com,Genderfluid,240.238.205.35
322,Rainer,Dormand,rdormand8x@utexas.edu,Male,222.44.198.162
323,Mady,Gaymer,mgaymer8y@netlog.com,Female,117.132.86.242
324,Lin,Philpotts,lphilpotts8z@kickstarter.com,Male,208.92.129.219
325,Filip,Grimm,fgrimm90@jiathis.com,Male,248.144.240.219
326,Des,Ringsell,dringsell91@skype.com,Male,63.115.218.170
327,Theo,Wagon,twagon92@blogs.com,Genderqueer,65.102.135.155
328,Taddeo,Couroy,tcouroy93@google.com.br,Male,238.86.222.223
329,Jerrome,Clues,jclues94@delicious.com,Polygender,25.66.79.186
330,Griffith,Cavil,gcavil95@prnewswire.com,Male,132.51.198.151
331,Imelda,Assaf,iassaf96@nps.gov,Female,130.185.112.30
332,Thomas,Mandifield,tmandifield97@netlog.com,Male,67.232.42.105
333,Costa,d' Eye,cdeye98@free.fr,Male,183.179.166.73
334,Bent,Dwyer,bdwyer99@flickr.com,Male,133.87.206.185
335,Griff,Moutray Read,gmoutrayread9a@tumblr.com,Male,215.19.65.85
336,Bastian,O'Hengerty,bohengerty9b@multiply.com,Male,156.184.110.226
337,Louise,Leveret,lleveret9c@51.la,Female,12.81.28.181
338,Buddy,Cater,bcater9d@pbs.org,Male,195.81.187.236
339,Emyle,Tolliday,etolliday9e@xinhuanet.com,Female,33.255.65.39
340,Pennie,Whopples,pwhopples9f@earthlink.net,Male,133.40.210.209
341,Latrina,Cestard,lcestard9g@guardian.co.uk,Female,54.210.167.239
342,Karilynn,Jacquemard,kjacquemard9h@live.com,Genderfluid,20.56.122.207
343,Conan,Cumberpatch,ccumberpatch9i@guardian.co.uk,Male,110.109.203.143
344,Corie,Tinklin,ctinklin9j@vistaprint.com,Female,22.226.11.26
345,Margalit,Justun,mjustun9k@google.nl,Female,143.71.39.172
346,Markos,Jerrome,mjerrome9l@plala.or.jp,Male,157.7.126.76
347,Gregorius,McJerrow,gmcjerrow9m@rakuten.co.jp,Male,15.178.68.191
348,Modestine,Dighton,mdighton9n@engadget.com,Female,241.153.247.82
349,Zacharias,Khadir,zkhadir9o@sina.com.cn,Male,76.90.144.92
350,Fallon,Jaray,fjaray9p@reddit.com,Female,36.17.182.207
351,Mark,Litster,mlitster9q@answers.com,Male,28.19.69.31
352,Ermin,Tibbs,etibbs9r@alibaba.com,Male,171.59.77.188
353,Linell,Fulks,lfulks9s@friendfeed.com,Female,218.30.149.166
354,Dorelle,Trippack,dtrippack9t@google.ca,Bigender,24.212.1.30
355,Ursa,Few,ufew9u@cnbc.com,Female,140.77.3.248
356,Humbert,L' Estrange,hlestrange9v@rakuten.co.jp,Male,80.168.236.31
357,Winifred,Giriardelli,wgiriardelli9w@wikimedia.org,Polygender,235.5.66.254
358,Ferd,Carratt,fcarratt9x@sciencedirect.com,Male,219.195.228.250
359,Petronille,Painter,ppainter9y@nps.gov,Female,89.137.71.56
360,Darya,Greenhead,dgreenhead9z@guardian.co.uk,Female,236.129.26.156
361,Bret,Kyteley,bkyteleya0@gnu.org,Genderqueer,39.17.246.178
362,Levin,Andrews,landrewsa1@moonfruit.com,Male,149.196.91.35
363,Yale,Forsard,yforsarda2@pinterest.com,Male,160.213.131.92
364,Lesley,Bretelle,lbretellea3@si.edu,Male,150.48.251.202
365,Natividad,Elgee,nelgeea4@ebay.co.uk,Female,100.249.96.69
366,Korie,Rutherford,krutherforda5@apache.org,Female,158.105.85.239
367,Lanae,Franseco,lfransecoa6@msn.com,Female,166.175.149.229
368,Ortensia,Puckrin,opuckrina7@gravatar.com,Female,89.185.254.144
369,Spike,Tanman,stanmana8@twitpic.com,Male,208.93.39.59
370,Cornall,Abdee,cabdeea9@marriott.com,Male,237.40.19.241
371,Ted,Dorney,tdorneyaa@ft.com,Male,135.150.239.237
372,Rivy,Aaron,raaronab@wiley.com,Female,114.89.38.235
373,Quinn,Shawyer,qshawyerac@usa.gov,Male,253.200.108.134
374,Janith,Sollars,jsollarsad@infoseek.co.jp,Polygender,32.234.248.6
375,Joby,Yakubovich,jyakubovichae@fastcompany.com,Female,42.35.146.200
376,Daffie,Castelain,dcastelainaf@cisco.com,Female,132.235.15.112
377,Ivy,Jakubczyk,ijakubczykag@zdnet.com,Genderqueer,101.96.159.188
378,Lemmie,Lindsey,llindseyah@discovery.com,Male,152.216.231.242
379,Ambros,Giraudeau,agiraudeauai@irs.gov,Male,218.211.150.70
380,Hali,Bruck,hbruckaj@slideshare.net,Female,230.0.175.204
381,Daveen,McKerley,dmckerleyak@squidoo.com,Polygender,210.22.200.37
382,Fransisco,Finnis,ffinnisal@homestead.com,Male,121.174.149.173
383,Tobe,Glasgow,tglasgowam@google.com.br,Male,40.254.157.30
384,Rivkah,Fullard,rfullardan@quantcast.com,Female,22.233.127.33
385,Chandal,Dunston,cdunstonao@cocolog-nifty.com,Female,67.162.199.118
386,Erny,Pessler,epesslerap@mail.ru,Male,185.37.56.103
387,Karol,Purcell,kpurcellaq@pinterest.com,Female,241.179.40.159
388,Rawley,Reisenberg,rreisenbergar@ucla.edu,Polygender,164.131.11.185
389,Osbourn,Bootyman,obootymanas@globo.com,Male,189.55.36.226
390,Corry,Clilverd,cclilverdat@twitter.com,Female,162.23.75.50
391,Rollin,Fountain,rfountainau@tinypic.com,Male,61.226.55.208
392,Nicholle,Lyddon,nlyddonav@elegantthemes.com,Female,199.14.47.162
393,Cy,Galpen,cgalpenaw@shop-pro.jp,Male,207.89.92.90
394,Brannon,Aguirrezabal,baguirrezabalax@de.vu,Male,88.72.225.232
395,Bucky,Longmuir,blongmuiray@google.cn,Male,48.238.202.92
396,Wallas,Sleeford,wsleefordaz@youku.com,Male,144.152.244.11
397,Fanechka,Riccard,friccardb0@marketwatch.com,Female,63.104.241.214
398,Nolie,Abbott,nabbottb1@washington.edu,Non-binary,154.120.111.172
399,Jarrett,Adolf,jadolfb2@economist.com,Male,246.212.82.158
400,Rice,Vass,rvassb3@loc.gov,Male,108.12.169.65
401,Eal,Karolewski,ekarolewskib4@slashdot.org,Male,249.74.97.7
402,Sissy,Perel,sperelb5@jimdo.com,Female,202.92.3.174
403,Davie,Vinnick,dvinnickb6@amazon.co.uk,Male,46.175.35.44
404,Eloisa,Marler,emarlerb7@bloglovin.com,Female,178.220.102.149
405,Carl,Johnson,cjohnsonb8@netvibes.com,Male,230.92.85.82
406,Carole,Huc,chucb9@google.fr,Female,253.37.203.238
407,Jimmy,Brimner,jbrimnerba@blogtalkradio.com,Male,117.173.133.74
408,Beau,Napoleon,bnapoleonbb@nsw.gov.au,Male,214.86.101.246
409,Cary,Glassard,cglassardbc@bbc.co.uk,Male,130.2.133.133
410,Eduino,Bartleman,ebartlemanbd@xinhuanet.com,Male,4.55.225.17
411,Gibby,Woonton,gwoontonbe@examiner.com,Male,83.145.131.82
412,Adora,Monroe,amonroebf@123-reg.co.uk,Female,51.42.202.250
413,Ron,Alenichicov,ralenichicovbg@opensource.org,Male,115.82.170.54
414,Annabelle,Shilstone,ashilstonebh@google.cn,Female,3.135.230.200
415,Leigha,Chinery,lchinerybi@photobucket.com,Female,161.38.84.56
416,Trever,Denley,tdenleybj@sbwire.com,Male,244.57.50.254
417,Padgett,Orto,portobk@flickr.com,Male,21.227.210.37
418,Leo,Nelthorpe,lnelthorpebl@forbes.com,Male,173.48.229.91
419,Onfre,Cray,ocraybm@shareasale.com,Male,110.175.247.215
420,Wandis,Lockyer,wlockyerbn@hubpages.com,Bigender,139.120.208.12
421,Heddi,Duhig,hduhigbo@google.ca,Female,32.64.106.218
422,Any,Baccup,abaccupbp@squarespace.com,Genderfluid,201.136.8.121
423,Olav,Minter,ominterbq@sphinn.com,Male,107.136.34.20
424,Ron,Davidoff,rdavidoffbr@auda.org.au,Male,96.48.118.169
425,Dore,Cossons,dcossonsbs@wiley.com,Male,237.169.123.134
426,Dalenna,Catherick,dcatherickbt@dot.gov,Polygender,178.124.219.160
427,Norrie,Toffoletto,ntoffolettobu@purevolume.com,Male,30.207.13.24
428,Erny,Simionato,esimionatobv@acquirethisname.com,Male,111.203.167.79
429,Tammi,Faulkes,tfaulkesbw@i2i.jp,Female,243.80.227.178
430,Linell,Portman,lportmanbx@topsy.com,Female,39.128.186.89
431,Catharina,Maccari,cmaccariby@networksolutions.com,Female,111.251.17.165
432,Kayla,Needham,kneedhambz@cisco.com,Female,252.199.114.12
433,Josefa,Rosevear,jrosevearc0@fda.gov,Female,73.153.162.178
434,Aubrey,Danbye,adanbyec1@issuu.com,Female,135.127.18.133
435,Emmerich,Micka,emickac2@imdb.com,Non-binary,0.223.125.184
436,Cher,Iorns,ciornsc3@hexun.com,Female,38.87.168.137
437,Nonie,Cornehl,ncornehlc4@simplemachines.org,Female,25.4.229.218
438,Loree,Adacot,ladacotc5@businessinsider.com,Female,210.145.13.22
439,Filberte,Addie,faddiec6@princeton.edu,Male,53.20.138.34
440,Dona,Mayler,dmaylerc7@omniture.com,Female,12.195.233.45
441,Ermin,Tomaello,etomaelloc8@dagondesign.com,Male,12.205.180.243
442,Shellie,Gascoyne,sgascoynec9@gnu.org,Female,241.115.51.17
443,Jennee,Ferryman,jferrymanca@craigslist.org,Female,236.145.251.123
444,Taffy,Roz,trozcb@yellowpages.com,Female,54.87.128.108
445,Ayn,Westgarth,awestgarthcc@ucoz.ru,Genderfluid,189.35.105.84
446,Inger,Pidgley,ipidgleycd@sun.com,Female,241.198.73.88
447,Korella,Craske,kcraskece@bluehost.com,Female,190.250.147.132
448,Timothea,Gallatly,tgallatlycf@goo.ne.jp,Female,41.15.99.136
449,Persis,Willcock,pwillcockcg@paginegialle.it,Female,58.160.194.181
450,Scot,Miner,sminerch@chron.com,Male,99.233.77.152
451,Conrad,Roby,crobyci@imdb.com,Male,112.68.145.32
452,Isador,Nobles,inoblescj@opensource.org,Male,247.172.233.35
453,Wade,Burnett,wburnettck@wiley.com,Male,82.176.68.173
454,Hendrik,Peek,hpeekcl@amazon.com,Male,51.40.207.228
455,Sybila,Dalgardno,sdalgardnocm@360.cn,Female,212.120.121.23
456,Kathi,Brolan,kbrolancn@google.cn,Female,191.65.61.144
457,Montgomery,Pearcehouse,mpearcehouseco@ucla.edu,Male,194.185.146.193
458,Stanleigh,Glenny,sglennycp@freewebs.com,Polygender,145.59.180.131
459,Karim,Methringham,kmethringhamcq@amazonaws.com,Male,56.45.85.148
460,Herve,Gunstone,hgunstonecr@msu.edu,Male,212.13.212.253
461,Orran,Paish,opaishcs@netvibes.com,Male,132.183.188.211
462,Clay,Klaiser,cklaiserct@shop-pro.jp,Male,63.194.121.109
463,Twyla,Gookey,tgookeycu@1und1.de,Female,116.32.207.238
464,Ruthe,Fleisch,rfleischcv@cocolog-nifty.com,Female,219.134.152.2
465,Christi,Liveley,cliveleycw@uol.com.br,Female,169.231.238.150
466,Borg,Maidlow,bmaidlowcx@example.com,Non-binary,1.45.47.183
467,Sabine,Barff,sbarffcy@odnoklassniki.ru,Female,167.181.81.1
468,Hestia,Nower,hnowercz@angelfire.com,Female,249.231.46.116
469,Gayla,Legrice,glegriced0@marriott.com,Female,40.110.227.37
470,Monika,Coulsen,mcoulsend1@seattletimes.com,Female,84.38.236.247
471,Renado,Amaya,ramayad2@boston.com,Male,218.207.234.74
472,Fulvia,Vasiljevic,fvasiljevicd3@aol.com,Genderqueer,236.216.94.79
473,Drucill,Stiller,dstillerd4@deviantart.com,Agender,199.236.178.76
474,Lyssa,Burnie,lburnied5@tinyurl.com,Female,209.133.195.62
475,Dede,Bonsall,dbonsalld6@netlog.com,Female,206.94.238.167
476,Imogen,Quinnet,iquinnetd7@cdbaby.com,Female,89.181.138.160
477,Kippy,Bendel,kbendeld8@senate.gov,Male,206.161.107.197
478,Vonny,Chatelain,vchatelaind9@ebay.co.uk,Non-binary,87.203.97.170
479,Rina,Zecchii,rzecchiida@archive.org,Female,214.246.86.123
480,Merilee,Ault,maultdb@ifeng.com,Agender,250.162.86.128
481,Victoir,Deluca,vdelucadc@state.gov,Genderqueer,72.151.182.49
482,Dorian,Sandars,dsandarsdd@ftc.gov,Female,194.102.113.214
483,Ruthe,Essberger,ressbergerde@storify.com,Female,224.156.137.123
484,Luce,Capron,lcaprondf@dmoz.org,Male,6.16.154.242
485,Caro,Harron,charrondg@zdnet.com,Female,16.36.156.115
486,Augustin,Reichelt,areicheltdh@scientificamerican.com,Male,40.209.18.181
487,Tony,Lownds,tlowndsdi@springer.com,Female,178.43.44.143
488,Leonard,Pigrome,lpigromedj@odnoklassniki.ru,Male,93.3.49.198
489,Aeriell,Lydster,alydsterdk@theguardian.com,Female,121.81.233.90
490,Chester,Shawl,cshawldl@soup.io,Male,193.66.238.246
491,Loni,Janicki,ljanickidm@nydailynews.com,Female,173.123.103.115
492,Eyde,Joliffe,ejoliffedn@w3.org,Female,55.134.73.7
493,Tiler,Bullant,tbullantdo@prweb.com,Male,214.65.66.213
494,Tammie,Bertomier,tbertomierdp@creativecommons.org,Male,255.166.170.181
495,Fern,Ernshaw,fernshawdq@yellowpages.com,Female,124.24.98.50
496,Marylynne,Loveman,mlovemandr@drupal.org,Female,218.30.172.169
497,Sunny,Jeandet,sjeandetds@dailymail.co.uk,Female,139.8.25.134
498,Cornie,Yanshonok,cyanshonokdt@nature.com,Female,37.22.56.232
499,Griselda,Jochen,gjochendu@samsung.com,Female,196.17.199.234
500,Xymenes,Sneden,xsnedendv@npr.org,Male,236.20.250.195
501,Hatty,Sansun,hsansundw@google.ru,Female,14.69.33.25
502,Maddy,Siggens,msiggensdx@marketwatch.com,Female,23.59.97.181
503,Ronnie,Bulle,rbulledy@ow.ly,Female,129.226.156.36
504,Andrew,Kingaby,akingabydz@usnews.com,Male,148.214.22.183
505,Hillie,Miles,hmilese0@squarespace.com,Male,63.17.85.167
506,Kristofor,Doble,kdoblee1@redcross.org,Male,203.48.188.134
507,Stephie,Foggo,sfoggoe2@scribd.com,Female,5.250.154.136
508,Margarette,Alenichicov,malenichicove3@tumblr.com,Female,5.116.240.88
509,Lurleen,St Ange,lstangee4@github.com,Genderqueer,254.215.69.250
510,Lynnea,Stiggers,lstiggerse5@rambler.ru,Female,114.141.148.149
511,Niki,Jonke,njonkee6@fda.gov,Female,110.254.210.167
512,Delmer,Janovsky,djanovskye7@uiuc.edu,Male,178.223.126.209
513,Adriano,Ridoutt,aridoutte8@yahoo.co.jp,Male,14.75.135.4
514,Saunderson,Lamkin,slamkine9@omniture.com,Male,44.230.212.3
515,Christoph,Peterken,cpeterkenea@europa.eu,Male,24.240.17.92
516,Terence,Weatherup,tweatherupeb@marketwatch.com,Agender,107.252.148.57
517,Marmaduke,Carver,mcarverec@flavors.me,Male,91.70.244.63
518,Astra,Mapledorum,amapledorumed@fda.gov,Female,199.53.79.103
519,Clemence,Battelle,cbattelleee@washington.edu,Bigender,140.222.167.222
520,Michele,Claeskens,mclaeskensef@weibo.com,Female,172.175.194.1
521,Odo,Stokes,ostokeseg@loc.gov,Male,153.206.251.238
522,Augusto,Hucke,ahuckeeh@creativecommons.org,Male,238.147.49.230
523,Duky,Tunnoch,dtunnochei@yandex.ru,Genderfluid,173.136.213.39
524,Fabiano,Noller,fnollerej@blogtalkradio.com,Male,117.26.103.76
525,Ellis,Gillet,egilletek@histats.com,Male,157.74.40.55
526,Eal,Bilborough,ebilboroughel@sourceforge.net,Male,46.54.199.41
527,Hynda,Downe,hdowneem@nytimes.com,Female,96.51.107.33
528,Gun,Jurisch,gjurischen@eventbrite.com,Male,62.172.84.131
529,Celeste,Andras,candraseo@flavors.me,Female,69.157.59.95
530,Yulma,Mathew,ymathewep@oaic.gov.au,Male,6.82.248.228
531,Gwenny,Jackson,gjacksoneq@nps.gov,Female,62.217.162.40
532,Laney,Quarterman,lquartermaner@tinypic.com,Female,75.170.41.70
533,Tine,Zarfai,tzarfaies@theguardian.com,Female,72.161.108.36
534,Addison,Videan,avideanet@freewebs.com,Male,43.17.19.22
535,Lutero,Cuerda,lcuerdaeu@squidoo.com,Genderfluid,234.177.154.90
536,Laney,Padgham,lpadghamev@yellowpages.com,Male,145.123.29.249
537,Meta,Sevitt,msevittew@arizona.edu,Female,190.90.95.6
538,Nelie,Kemwal,nkemwalex@admin.ch,Female,27.94.72.163
539,Herold,Wardley,hwardleyey@forbes.com,Male,55.245.240.167
540,Edythe,Baud,ebaudez@jalbum.net,Female,82.0.157.30
541,Curry,Iaduccelli,ciaduccellif0@paypal.com,Male,20.25.101.168
542,Hervey,Joseland,hjoselandf1@ocn.ne.jp,Male,92.54.31.191
543,Gar,Doerr,gdoerrf2@nsw.gov.au,Male,117.55.239.123
544,Darya,Whitewood,dwhitewoodf3@elegantthemes.com,Female,3.147.191.152
545,Andra,Salamon,asalamonf4@1und1.de,Female,7.96.243.108
546,Earlie,Redley,eredleyf5@un.org,Male,8.80.184.18
547,Adelbert,Hestrop,ahestropf6@utexas.edu,Male,181.163.196.140
548,Garv,Lago,glagof7@amazonaws.com,Male,144.234.184.73
549,Tyrus,Warrell,twarrellf8@europa.eu,Male,67.73.57.37
550,Kattie,Leere,kleeref9@elegantthemes.com,Female,227.236.63.8
551,Adan,Armitt,aarmittfa@sun.com,Female,230.67.26.175
552,Mathias,Buesden,mbuesdenfb@diigo.com,Male,139.237.104.59
553,Ryon,Amort,ramortfc@sogou.com,Polygender,91.101.25.114
554,Vicky,Garrioch,vgarriochfd@cisco.com,Female,123.129.77.145
555,Abbie,Bielfeldt,abielfeldtfe@shareasale.com,Male,192.5.115.162
556,Jenna,Tome,jtomeff@yelp.com,Bigender,185.147.26.205
557,Normie,Dady,ndadyfg@amazon.com,Male,137.154.200.182
558,Drucy,Snowsill,dsnowsillfh@microsoft.com,Female,249.95.215.86
559,Wendall,Pawlik,wpawlikfi@wikia.com,Male,7.4.208.33
560,Arther,Blanque,ablanquefj@goodreads.com,Male,56.210.253.50
561,Caprice,Seacroft,cseacroftfk@squidoo.com,Female,80.108.106.83
562,Mildrid,Matashkin,mmatashkinfl@nationalgeographic.com,Female,47.72.20.73
563,Janella,Gyurko,jgyurkofm@ucla.edu,Female,95.224.220.193
564,Meryl,Rudham,mrudhamfn@4shared.com,Female,92.240.245.202
565,Rowe,Gogin,rgoginfo@unc.edu,Female,193.96.70.95
566,Britta,Figura,bfigurafp@indiegogo.com,Female,249.138.124.34
567,Cecil,Feirn,cfeirnfq@nps.gov,Male,79.70.140.69
568,Bertram,Leavey,bleaveyfr@tmall.com,Male,84.41.36.65
569,Johan,Aurelius,jaureliusfs@walmart.com,Male,231.173.185.1
570,Bonita,Josefovic,bjosefovicft@uiuc.edu,Female,121.47.222.142
571,Kevin,Tallman,ktallmanfu@unc.edu,Male,193.114.195.237
572,Kassia,Cambridge,kcambridgefv@mtv.com,Female,46.251.98.29
573,Zsazsa,Bazeley,zbazeleyfw@guardian.co.uk,Female,105.123.188.98
574,Crystie,Jermyn,cjermynfx@state.tx.us,Female,98.244.234.119
575,Debby,Espinoza,despinozafy@go.com,Genderfluid,153.192.39.172
576,Barby,Quinevan,bquinevanfz@marriott.com,Female,204.201.47.211
577,Roseanna,Maycock,rmaycockg0@fema.gov,Polygender,29.77.28.198
578,Gunar,Smewin,gsmewing1@independent.co.uk,Male,148.250.92.246
579,Jacquelyn,Winspeare,jwinspeareg2@bigcartel.com,Female,84.120.8.58
580,Libby,Jovic,ljovicg3@apple.com,Female,212.141.155.129
581,Hastings,McDowall,hmcdowallg4@dyndns.org,Male,0.229.147.66
582,Sheba,Heck,sheckg5@nps.gov,Female,3.153.151.152
583,Waldemar,Ludgrove,wludgroveg6@ihg.com,Male,11.147.253.93
584,Levin,Wyeth,lwyethg7@myspace.com,Male,23.116.220.105
585,Jodee,Gale,jgaleg8@deviantart.com,Female,61.242.254.219
586,Garwin,Gorhardt,ggorhardtg9@bigcartel.com,Male,64.124.19.99
587,Codie,Scimoni,cscimoniga@dot.gov,Genderqueer,170.80.149.218
588,Barri,Philler,bphillergb@berkeley.edu,Male,79.252.216.41
589,Onofredo,Vivien,oviviengc@yahoo.com,Male,233.232.7.193
590,Tomas,Edlington,tedlingtongd@china.com.cn,Male,114.150.65.105
591,Elliott,Guion,eguionge@dedecms.com,Male,78.111.11.180
592,Zola,Everwin,zeverwingf@spotify.com,Female,21.91.91.20
593,Gabe,Conybear,gconybeargg@pcworld.com,Male,156.2.16.20
594,Cole,Headings,cheadingsgh@unblog.fr,Male,147.148.195.125
595,Ulick,Drewe,udrewegi@google.it,Male,52.216.237.59
596,Shayna,Jays,sjaysgj@github.com,Female,214.193.79.71
597,Katee,Everwin,keverwingk@cbc.ca,Genderqueer,75.109.5.84
598,Cornelle,Tritton,ctrittongl@homestead.com,Female,226.6.69.241
599,Milty,Squirrell,msquirrellgm@plala.or.jp,Male,119.252.139.215
600,Antoni,Roland,arolandgn@cyberchimps.com,Male,106.31.211.231
601,Rhiamon,Chace,rchacego@istockphoto.com,Genderfluid,46.228.12.41
602,Padget,Bakeup,pbakeupgp@posterous.com,Male,227.96.164.37
603,Thomasin,Cisec,tcisecgq@scientificamerican.com,Female,196.46.193.86
604,Austin,Branche,abranchegr@phoca.cz,Female,63.201.15.13
605,Darsey,Renhard,drenhardgs@vk.com,Agender,57.222.209.176
606,Wang,Gailor,wgailorgt@foxnews.com,Male,157.23.60.91
607,Rey,Frichley,rfrichleygu@flavors.me,Male,100.24.22.10
608,Monica,Wallentin,mwallentingv@vkontakte.ru,Female,53.52.18.110
609,Gustav,Pocklington,gpocklingtongw@timesonline.co.uk,Male,121.22.217.222
610,Maurise,Shard,mshardgx@gravatar.com,Female,54.58.141.158
611,Silvio,Renard,srenardgy@unblog.fr,Male,154.8.115.60
612,Jacynth,Oneill,joneillgz@cnn.com,Female,12.244.140.216
613,Adelbert,Chard,achardh0@istockphoto.com,Male,114.161.60.223
614,Natalina,McDiarmid,nmcdiarmidh1@gnu.org,Non-binary,12.112.248.85
615,Tallie,Secretan,tsecretanh2@example.com,Female,99.130.110.159
616,Stephine,Dougary,sdougaryh3@theguardian.com,Female,232.105.224.83
617,Ilsa,Verzey,iverzeyh4@about.me,Female,90.254.25.185
618,Ronalda,Batecok,rbatecokh5@si.edu,Female,209.97.212.124
619,Chadd,Springford,cspringfordh6@netvibes.com,Male,114.221.204.184
620,Fidela,Czajka,fczajkah7@nature.com,Female,249.56.228.76
621,Fairlie,Nathan,fnathanh8@t.co,Male,5.82.195.221
622,Hestia,Beddow,hbeddowh9@kickstarter.com,Female,129.68.201.229
623,Alice,Moralas,amoralasha@wikimedia.org,Female,113.242.104.115
624,Gus,Zanioletti,gzaniolettihb@geocities.jp,Male,3.36.154.227
625,Waly,Chiommienti,wchiommientihc@deviantart.com,Female,164.163.114.81
626,Justin,Gladdin,jgladdinhd@dagondesign.com,Male,167.178.35.23
627,Ralf,Lavigne,rlavignehe@ifeng.com,Male,127.110.53.131
628,Willow,Dumberrill,wdumberrillhf@tmall.com,Female,216.223.64.164
629,Vannie,Bauldrey,vbauldreyhg@tripadvisor.com,Female,123.139.185.36
630,Micky,Boner,mbonerhh@dailymotion.com,Male,200.15.0.53
631,Klemens,Binning,kbinninghi@kickstarter.com,Male,208.31.79.114
632,Donn,Chancellor,dchancellorhj@oracle.com,Male,127.182.240.2
633,Tiffani,Hendrix,thendrixhk@sciencedirect.com,Female,106.18.55.10
634,Willy,Praten,wpratenhl@constantcontact.com,Male,218.86.232.183
635,Graham,Baynham,gbaynhamhm@unesco.org,Male,234.37.182.127
636,Lorena,MacWhirter,lmacwhirterhn@redcross.org,Female,175.0.164.47
637,Isahella,Easby,ieasbyho@tumblr.com,Female,183.45.210.18
638,Leanora,Thew,lthewhp@studiopress.com,Female,98.197.203.103
639,Shanna,Bilbery,sbilberyhq@umn.edu,Female,44.60.64.78
640,Udell,Chazier,uchazierhr@pen.io,Male,99.26.188.248
641,Hall,Dawbery,hdawberyhs@bbc.co.uk,Male,42.13.190.50
642,Dean,Gorvette,dgorvetteht@shop-pro.jp,Male,83.129.98.114
643,Rebecca,Malloch,rmallochhu@dropbox.com,Female,50.99.92.110
644,Gustav,Giaomozzo,ggiaomozzohv@npr.org,Male,152.238.64.235
645,Ches,Le Floch,cleflochhw@mit.edu,Male,140.250.96.35
646,Sena,Bolin,sbolinhx@trellian.com,Female,239.54.225.90
647,Stanwood,Dunsmore,sdunsmorehy@cornell.edu,Male,251.43.202.181
648,Harriott,Hessenthaler,hhessenthalerhz@ed.gov,Female,97.15.191.196
649,Gui,Cowlishaw,gcowlishawi0@gnu.org,Female,151.201.229.51
650,Isaiah,McNaughton,imcnaughtoni1@unesco.org,Male,179.80.192.189
651,Doralyn,Nears,dnearsi2@hc360.com,Non-binary,198.120.161.240
652,Rianon,Coveny,rcovenyi3@mozilla.org,Female,240.133.127.180
653,Derrik,Truluck,dtrulucki4@bluehost.com,Male,246.255.154.185
654,Wally,Le Franc,wlefranci5@auda.org.au,Male,51.82.3.171
655,Jerrome,Tillerton,jtillertoni6@alexa.com,Male,7.253.232.129
656,Concordia,Beams,cbeamsi7@deliciousdays.com,Female,111.105.100.15
657,Cinnamon,Root,crooti8@wiley.com,Agender,45.157.111.13
658,Lindi,Ludwig,lludwigi9@hud.gov,Female,158.153.73.58
659,Philippa,Veltmann,pveltmannia@bandcamp.com,Female,152.185.200.13
660,Shannah,Melson,smelsonib@technorati.com,Female,210.65.168.184
661,Bette,Brotherhed,bbrotherhedic@gravatar.com,Female,81.95.95.226
662,Sheena,Kobierzycki,skobierzyckiid@is.gd,Female,251.84.205.95
663,Jeremy,Loudian,jloudianie@go.com,Male,80.164.136.58
664,Angelica,McKeveney,amckeveneyif@wp.com,Female,170.64.102.121
665,Hope,Fyall,hfyallig@163.com,Female,60.41.27.161
666,Fredric,Erie,ferieih@cbc.ca,Genderqueer,7.161.24.56
667,Jacquette,Shrimplin,jshrimplinii@reddit.com,Female,202.247.112.39
668,Giavani,Impy,gimpyij@homestead.com,Male,233.104.247.6
669,Helene,Clynmans,hclynmansik@nba.com,Female,154.80.211.78
670,Rhodie,Rosbotham,rrosbothamil@craigslist.org,Female,180.171.222.234
671,Akim,Brisse,abrisseim@tinypic.com,Male,215.201.133.125
672,Iseabal,Son,isonin@exblog.jp,Female,224.145.140.196
673,Brian,Pochet,bpochetio@mail.ru,Male,225.156.243.136
674,Ian,Vasilchikov,ivasilchikovip@cargocollective.com,Male,80.160.207.66
675,Saw,Titterington,stitteringtoniq@acquirethisname.com,Male,2.102.92.166
676,Shana,Waddington,swaddingtonir@utexas.edu,Female,12.212.234.0
677,Reinaldos,Bengtson,rbengtsonis@squarespace.com,Bigender,55.65.196.223
678,Dew,Spawton,dspawtonit@ucsd.edu,Male,107.72.163.199
679,Sylas,Wychard,swychardiu@dell.com,Male,13.204.124.198
680,Woodie,Syne,wsyneiv@parallels.com,Male,219.251.48.183
681,Tristan,Hlavac,thlavaciw@posterous.com,Male,141.12.235.112
682,Harmony,Corson,hcorsonix@artisteer.com,Female,189.220.158.63
683,Delmore,Spellman,dspellmaniy@alexa.com,Male,86.250.53.175
684,Xymenes,Alabaster,xalabasteriz@gizmodo.com,Male,201.175.164.96
685,Reinwald,Phlippi,rphlippij0@prnewswire.com,Male,41.205.61.10
686,Leicester,Cassedy,lcassedyj1@parallels.com,Male,0.189.93.156
687,Barnabas,Meffan,bmeffanj2@squarespace.com,Male,3.246.94.13
688,Alard,Mcimmie,amcimmiej3@fastcompany.com,Male,151.36.167.77
689,Erika,Hempshall,ehempshallj4@domainmarket.com,Female,33.77.128.121
690,Stinky,Arnison,sarnisonj5@columbia.edu,Male,101.77.151.161
691,Amandy,Poynter,apoynterj6@adobe.com,Female,98.193.15.7
692,Kelly,Sheehan,ksheehanj7@oakley.com,Male,120.137.80.204
693,Row,MacAless,rmacalessj8@skyrock.com,Female,232.15.231.16
694,Marquita,Despenser,mdespenserj9@furl.net,Female,237.150.232.145
695,Pepi,Delicate,pdelicateja@networkadvertising.org,Female,114.167.34.15
696,Evered,Dorkens,edorkensjb@ft.com,Male,198.200.34.187
697,Culver,Baseke,cbasekejc@toplist.cz,Male,191.177.153.35
698,Torre,Gall,tgalljd@dailymotion.com,Male,24.135.104.218
699,Felipa,Mahaffey,fmahaffeyje@netscape.com,Female,238.52.85.144
700,Jesselyn,McGraw,jmcgrawjf@blogspot.com,Female,254.211.222.58
701,Giorgi,Gore,ggorejg@drupal.org,Male,161.126.120.198
702,Liuka,Szantho,lszanthojh@springer.com,Female,149.48.217.196
703,Kristien,Garman,kgarmanji@cocolog-nifty.com,Female,144.42.221.99
704,Teodora,Freear,tfreearjj@tiny.cc,Female,21.124.152.239
705,Morgan,Trowsdall,mtrowsdalljk@unesco.org,Male,154.51.6.4
706,Enrika,Curwen,ecurwenjl@yandex.ru,Female,171.73.19.91
707,Egor,Kirdsch,ekirdschjm@walmart.com,Male,51.108.234.6
708,Gerri,Mouth,gmouthjn@oaic.gov.au,Female,67.76.64.145
709,Claribel,Kemmet,ckemmetjo@digg.com,Female,105.146.62.56
710,Garvy,Kerby,gkerbyjp@utexas.edu,Male,227.77.32.65
711,Binni,Dundredge,bdundredgejq@cargocollective.com,Female,100.7.163.4
712,Laina,Dronsfield,ldronsfieldjr@cdbaby.com,Female,77.166.70.186
713,Kalil,Fairholm,kfairholmjs@parallels.com,Male,8.159.221.17
714,Gratiana,MacMenemy,gmacmenemyjt@state.tx.us,Female,158.224.66.77
715,Jennie,Garrand,jgarrandju@archive.org,Female,77.39.147.179
716,Ezequiel,Pietrasik,epietrasikjv@altervista.org,Genderfluid,240.148.220.42
717,Nev,Roman,nromanjw@bing.com,Male,232.182.111.180
718,Karrah,Greydon,kgreydonjx@google.co.jp,Female,88.192.215.0
719,Lyndy,Bratt,lbrattjy@flavors.me,Female,56.157.12.159
720,Jackie,Larkins,jlarkinsjz@who.int,Male,82.19.26.93
721,Tobe,Angelo,tangelok0@youku.com,Female,43.65.186.112
722,Georgeanne,Yatman,gyatmank1@last.fm,Female,93.115.71.32
723,Mick,McKune,mmckunek2@psu.edu,Male,226.66.14.176
724,Cathlene,Daniello,cdaniellok3@blogger.com,Female,139.176.235.216
725,Suzanne,Lodge,slodgek4@seattletimes.com,Female,114.249.161.247
726,Malcolm,Heining,mheiningk5@microsoft.com,Male,72.144.21.174
727,Remus,Stroud,rstroudk6@businesswire.com,Male,55.192.239.13
728,Arvy,Juckes,ajuckesk7@rambler.ru,Male,131.115.154.1
729,Thea,Tipple,ttipplek8@exblog.jp,Female,96.107.127.28
730,Inger,Adame,iadamek9@is.gd,Male,83.205.65.155
731,Red,Runnicles,rrunnicleska@i2i.jp,Male,4.148.61.235
732,Roseanne,MacGaughie,rmacgaughiekb@un.org,Female,90.51.189.56
733,Rodolfo,Quinby,rquinbykc@sphinn.com,Male,250.83.231.117
734,Amalie,MacCathay,amaccathaykd@about.me,Female,112.95.131.234
735,Clari,Studdal,cstuddalke@etsy.com,Female,123.229.49.94
736,Annis,Duffus,aduffuskf@nydailynews.com,Female,201.78.79.240
737,Thorstein,Haldenby,thaldenbykg@sitemeter.com,Male,175.122.220.201
738,Joni,Gosnall,jgosnallkh@miibeian.gov.cn,Female,13.240.148.40
739,Sayre,Garatty,sgarattyki@tinypic.com,Female,26.185.93.210
740,Wit,MacGorley,wmacgorleykj@purevolume.com,Male,221.56.84.210
741,Allyn,Ludmann,aludmannkk@bloglines.com,Female,23.2.106.85
742,Nathaniel,Almack,nalmackkl@ow.ly,Male,214.164.20.174
743,Mia,Rishman,mrishmankm@sciencedirect.com,Female,131.135.75.113
744,Toni,Zimmermeister,tzimmermeisterkn@nsw.gov.au,Female,48.92.181.40
745,Burk,Hutchens,bhutchensko@dion.ne.jp,Male,178.157.128.230
746,Coletta,Cullivan,ccullivankp@ebay.com,Female,132.5.87.94
747,Arabella,Tipperton,atippertonkq@ning.com,Female,17.161.105.140
748,Judie,Kiellor,jkiellorkr@usgs.gov,Female,146.30.104.119
749,Sutton,Hegges,sheggesks@time.com,Male,77.42.184.172
750,Gerik,Bisp,gbispkt@jalbum.net,Male,9.157.236.254
751,Molly,Catenot,mcatenotku@last.fm,Female,227.206.102.192
752,Lucho,Mongain,lmongainkv@dyndns.org,Male,10.108.224.10
753,Nelie,Stallworth,nstallworthkw@omniture.com,Female,102.83.9.229
754,Opaline,Getcliffe,ogetcliffekx@bravesites.com,Bigender,228.11.199.181
755,Anneliese,Tumayan,atumayanky@photobucket.com,Female,131.175.133.187
756,Kristy,Bengoechea,kbengoecheakz@illinois.edu,Female,136.15.54.94
757,Cacilia,Eykel,ceykell0@ted.com,Female,219.236.138.8
758,Esteban,Surgenor,esurgenorl1@phpbb.com,Male,121.73.151.26
759,Delphine,Strutz,dstrutzl2@google.nl,Female,57.165.145.244
760,Waverly,Di Napoli,wdinapolil3@wufoo.com,Male,16.29.184.181
761,Kele,Pheasant,kpheasantl4@yellowbook.com,Male,19.0.205.193
762,Rosamond,Goodwins,rgoodwinsl5@marketwatch.com,Female,81.92.238.136
763,Elna,Rees,ereesl6@cloudflare.com,Female,226.138.34.139
764,Evelyn,Plaistowe,eplaistowel7@mayoclinic.com,Male,239.72.151.225
765,Kipp,Menhci,kmenhcil8@arizona.edu,Female,218.14.107.103
766,Concordia,Libbie,clibbiel9@geocities.com,Female,104.30.54.198
767,Dina,Pedel,dpedella@state.gov,Female,103.231.80.244
768,Wolf,Gagin,wgaginlb@ucla.edu,Male,246.215.145.155
769,Carine,Arnowitz,carnowitzlc@examiner.com,Female,153.147.95.156
770,Mikkel,Barrim,mbarrimld@weibo.com,Male,78.38.175.99
771,Flossy,Couche,fcouchele@hhs.gov,Female,97.215.208.44
772,Lizzy,Drexel,ldrexellf@odnoklassniki.ru,Female,83.100.122.50
773,Valerie,Lyttle,vlyttlelg@sciencedaily.com,Female,245.58.254.127
774,Magnum,Puddan,mpuddanlh@statcounter.com,Male,227.198.97.181
775,Lionello,Matonin,lmatoninli@va.gov,Male,64.147.18.208
776,Christalle,Itzcak,citzcaklj@census.gov,Female,132.117.222.21
777,Flori,Cockitt,fcockittlk@github.io,Female,11.59.131.54
778,Elisabeth,Roakes,eroakesll@sakura.ne.jp,Female,2.139.235.49
779,Field,Cowndley,fcowndleylm@artisteer.com,Male,123.22.28.249
780,Katuscha,Brockie,kbrockieln@engadget.com,Female,157.76.197.234
781,Conney,Manwaring,cmanwaringlo@t-online.de,Male,2.206.203.78
782,Gerty,Eplett,geplettlp@gov.uk,Female,170.31.105.240
783,Kimberly,Scholler,kschollerlq@uol.com.br,Non-binary,6.42.49.114
784,Heywood,Timothy,htimothylr@whitehouse.gov,Male,224.243.141.206
785,Jarret,Fills,jfillsls@dedecms.com,Male,196.105.47.221
786,Adoree,Narramor,anarramorlt@ucla.edu,Female,42.34.228.40
787,Inna,Tafani,itafanilu@domainmarket.com,Female,148.80.162.57
788,Ciel,Board,cboardlv@tinypic.com,Female,104.99.55.73
789,Gifford,Ironmonger,gironmongerlw@wisc.edu,Male,153.135.54.245
790,Benedict,Crossfield,bcrossfieldlx@bloglines.com,Male,209.189.232.175
791,Annmaria,Clymo,aclymoly@cnet.com,Female,221.94.146.221
792,Marjy,Klaaasen,mklaaasenlz@cafepress.com,Female,29.241.2.29
793,Murray,Feehily,mfeehilym0@usnews.com,Male,208.99.56.222
794,Margaretta,Elvins,melvinsm1@apache.org,Female,36.162.46.241
795,Paulita,Hartas,phartasm2@chicagotribune.com,Female,133.4.173.223
796,Waylin,Lippett,wlippettm3@wix.com,Male,160.80.36.186
797,Frans,Bowmer,fbowmerm4@ow.ly,Male,171.231.37.149
798,Colette,Burris,cburrism5@narod.ru,Female,17.215.217.63
799,Roselle,Dart,rdartm6@wix.com,Female,108.167.75.102
800,Marlane,Lowey,mloweym7@cafepress.com,Female,243.82.29.227
801,Lonni,Petrelluzzi,lpetrelluzzim8@vinaora.com,Female,28.163.172.62
802,Birch,Jina,bjinam9@mail.ru,Male,76.108.175.198
803,Candy,Nelsey,cnelseyma@google.cn,Female,253.210.7.221
804,Dania,Christal,dchristalmb@comsenz.com,Agender,189.12.248.176
805,Omar,Darridon,odarridonmc@vistaprint.com,Male,57.209.153.212
806,Aimil,Blakemore,ablakemoremd@washingtonpost.com,Female,132.166.198.245
807,Bren,Thumim,bthumimme@merriam-webster.com,Male,180.131.63.178
808,Skyler,Hearle,shearlemf@unesco.org,Male,178.232.109.68
809,Gawen,Bethel,gbethelmg@gizmodo.com,Male,5.225.226.27
810,Izak,Freshwater,ifreshwatermh@illinois.edu,Male,214.130.53.204
811,Conney,Oswal,coswalmi@boston.com,Male,135.220.116.152
812,Averyl,Hatrey,ahatreymj@ifeng.com,Female,82.95.94.28
813,Scotty,Pavkovic,spavkovicmk@alibaba.com,Male,111.179.194.28
814,Lavinia,Cissell,lcissellml@patch.com,Female,23.229.126.151
815,Gaylene,Howson,ghowsonmm@bizjournals.com,Female,142.100.71.164
816,Erastus,Gabby,egabbymn@mysql.com,Male,137.90.254.124
817,Sayre,Edyson,sedysonmo@java.com,Female,237.244.250.58
818,Kermy,Ricciardiello,kricciardiellomp@paypal.com,Male,5.181.142.197
819,Minnie,Deniset,mdenisetmq@linkedin.com,Female,69.36.243.47
820,Cordie,Branchet,cbranchetmr@netvibes.com,Male,134.194.0.150
821,Minne,Shakesby,mshakesbyms@i2i.jp,Female,127.41.200.193
822,Christian,Curnick,ccurnickmt@bluehost.com,Male,213.147.214.2
823,Vittoria,Pippin,vpippinmu@un.org,Female,17.28.62.246
824,Abdul,Duchatel,aduchatelmv@hao123.com,Male,136.135.116.117
825,Binny,Feechum,bfeechummw@chicagotribune.com,Female,237.98.183.222
826,Coop,Kaszper,ckaszpermx@salon.com,Male,30.137.149.86
827,Eberto,Yellowlea,eyellowleamy@bloomberg.com,Male,147.227.10.72
828,Christabella,Wileman,cwilemanmz@ovh.net,Female,207.233.136.73
829,Genna,Benedtti,gbenedttin0@blogger.com,Female,24.114.15.215
830,Sergio,Vickress,svickressn1@posterous.com,Male,174.5.76.207
831,Beret,Offa,boffan2@shinystat.com,Female,158.46.63.97
832,Shermy,Streetley,sstreetleyn3@digg.com,Male,240.196.189.77
833,Jackqueline,Breckwell,jbreckwelln4@netvibes.com,Female,135.48.116.183
834,Krystal,Wrench,kwrenchn5@who.int,Female,214.119.107.69
835,Ora,Pohlke,opohlken6@creativecommons.org,Female,60.225.26.219
836,Wallas,Thew,wthewn7@bloglines.com,Male,224.206.38.57
837,Lauritz,Jowett,ljowettn8@rediff.com,Male,14.103.146.197
838,Merl,Jone,mjonen9@canalblog.com,Female,225.159.232.155
839,Nanice,Chatelet,nchateletna@yahoo.co.jp,Female,126.96.115.0
840,Belicia,Chesshire,bchesshirenb@t-online.de,Bigender,191.209.46.251
841,Baxy,Charlot,bcharlotnc@webs.com,Male,126.130.141.30
842,Traci,Corben,tcorbennd@kickstarter.com,Female,227.68.244.121
843,Catha,Davidek,cdavidekne@usa.gov,Female,234.28.40.31
844,Morse,Dinesen,mdinesennf@sina.com.cn,Male,33.182.205.125
845,Taber,Giamelli,tgiamelling@theglobeandmail.com,Male,118.170.173.133
846,Lilllie,Spata,lspatanh@bbb.org,Female,130.242.63.47
847,Ginnie,Pensom,gpensomni@shutterfly.com,Female,70.200.75.168
848,Blondell,Glyne,bglynenj@soundcloud.com,Female,145.142.130.200
849,Damara,Jacobsohn,djacobsohnnk@zdnet.com,Genderqueer,20.150.95.231
850,Lyndsey,Vaen,lvaennl@washingtonpost.com,Female,122.77.45.16
851,Joana,Eilhart,jeilhartnm@domainmarket.com,Female,39.44.41.226
852,Hale,Stephenson,hstephensonnn@china.com.cn,Male,131.43.160.182
853,Durand,Underwood,dunderwoodno@technorati.com,Male,239.179.67.222
854,Brianne,Georgelin,bgeorgelinnp@yellowpages.com,Female,234.87.171.123
855,Rustie,Dreng,rdrengnq@examiner.com,Male,177.150.226.115
856,Astra,Napier,anapiernr@hhs.gov,Non-binary,80.24.123.206
857,Mychal,Mincini,mmincinins@infoseek.co.jp,Male,118.208.148.134
858,Nolly,Althorpe,nalthorpent@craigslist.org,Genderfluid,198.119.157.169
859,Johnathon,Woodwind,jwoodwindnu@businessweek.com,Male,85.37.94.98
860,Franzen,Nasi,fnasinv@mayoclinic.com,Male,233.7.152.54
861,Thoma,Heims,theimsnw@networksolutions.com,Male,252.85.85.160
862,Pip,Lenormand,plenormandnx@cornell.edu,Male,182.36.25.210
863,Laurent,Knobell,lknobellny@amazon.com,Male,35.35.240.92
864,Fey,Wisniowski,fwisniowskinz@1688.com,Female,132.159.130.156
865,Orlan,Donativo,odonativoo0@who.int,Male,153.38.128.207
866,Meade,Pllu,mplluo1@nationalgeographic.com,Female,25.66.113.80
867,Norry,Spini,nspinio2@time.com,Polygender,16.104.128.140
868,Chase,Popplestone,cpopplestoneo3@printfriendly.com,Male,0.10.79.100
869,Sandie,Schofield,sschofieldo4@uiuc.edu,Female,217.133.149.187
870,Norrie,Nursey,nnurseyo5@bloglines.com,Male,208.133.93.232
871,Ode,Bryers,obryerso6@dmoz.org,Male,85.68.158.255
872,Saleem,Duckers,sduckerso7@tripod.com,Male,186.30.182.225
873,Addie,Beardmore,abeardmoreo8@theglobeandmail.com,Female,132.186.32.36
874,Almeria,Iffland,aifflando9@cbslocal.com,Female,70.217.85.22
875,Der,Seagrove,dseagroveoa@nps.gov,Male,106.0.228.11
876,Doy,Breens,dbreensob@arstechnica.com,Male,108.52.125.117
877,Antonina,Yorkston,ayorkstonoc@oracle.com,Female,68.136.241.92
878,Garv,Piele,gpieleod@tinyurl.com,Male,96.126.122.73
879,Yehudi,Cauldfield,ycauldfieldoe@prlog.org,Genderqueer,167.38.79.92
880,Simone,McCard,smccardof@php.net,Female,91.75.70.17
881,Lief,Lampart,llampartog@statcounter.com,Male,196.55.220.80
882,Riki,Moses,rmosesoh@xinhuanet.com,Female,89.183.134.23
883,Dollie,Freebury,dfreeburyoi@homestead.com,Genderqueer,242.194.80.157
884,Kirby,Dufer,kduferoj@loc.gov,Female,228.41.96.173
885,Lishe,Tyres,ltyresok@google.com,Female,23.124.243.40
886,Milton,O' Neligan,moneliganol@typepad.com,Male,42.39.148.236
887,Neron,Parades,nparadesom@whitehouse.gov,Male,214.91.20.12
888,Quintin,Kelshaw,qkelshawon@a8.net,Male,168.31.97.227
889,Dennie,Itzhayek,ditzhayekoo@wsj.com,Male,20.145.12.24
890,Flore,Jovovic,fjovovicop@usda.gov,Female,104.236.153.51
891,Lucia,Kuscha,lkuschaoq@yandex.ru,Female,138.199.226.250
892,Enriqueta,Obey,eobeyor@vistaprint.com,Female,71.115.111.165
893,Cacilia,Blanchflower,cblanchfloweros@tuttocitta.it,Female,5.122.82.92
894,Olivie,Tennock,otennockot@typepad.com,Female,224.172.75.67
895,Murdoch,Housley,mhousleyou@constantcontact.com,Male,11.235.115.40
896,Levey,Gubbin,lgubbinov@shareasale.com,Male,169.179.246.204
897,Yorker,Oats,yoatsow@mayoclinic.com,Male,174.135.150.199
898,Glendon,Goadsby,ggoadsbyox@blogger.com,Male,36.221.180.139
899,Heida,Calles,hcallesoy@ucla.edu,Female,99.74.96.189
900,Abigael,Rey,areyoz@vkontakte.ru,Female,172.68.134.93
901,Juieta,Wrout,jwroutp0@loc.gov,Female,12.52.50.13
902,Eugenia,Lyste,elystep1@noaa.gov,Female,208.27.51.178
903,Abigael,Ritmeyer,aritmeyerp2@goo.ne.jp,Female,82.55.132.30
904,Allister,Grigorushkin,agrigorushkinp3@jiathis.com,Male,217.226.147.21
905,Morty,Custy,mcustyp4@discovery.com,Male,176.178.245.125
906,Shela,Jurgensen,sjurgensenp5@cbslocal.com,Female,103.144.67.188
907,Seline,Farlow,sfarlowp6@soup.io,Female,60.242.146.110
908,Meridith,Cleiment,mcleimentp7@flickr.com,Female,161.215.91.180
909,Jo-ann,Done,jdonep8@nih.gov,Female,98.120.108.223
910,Augustus,Pavy,apavyp9@vimeo.com,Male,226.225.179.162
911,Wyatan,Calcraft,wcalcraftpa@xinhuanet.com,Male,49.168.219.220
912,Reidar,Bygrove,rbygrovepb@blog.com,Male,21.182.130.210
913,Frederik,Woolston,fwoolstonpc@bing.com,Male,108.190.69.58
914,Tulley,Athow,tathowpd@wired.com,Non-binary,224.206.96.7
915,Ash,Lukesch,alukeschpe@dagondesign.com,Male,62.39.227.144
916,Danell,Fewell,dfewellpf@gizmodo.com,Female,83.83.79.50
917,Bartholomeus,Weavers,bweaverspg@businessweek.com,Male,231.208.212.228
918,Bellanca,Rodman,brodmanph@oaic.gov.au,Female,136.175.199.215
919,Blinni,Gilberthorpe,bgilberthorpepi@dyndns.org,Female,247.0.170.253
920,Rowena,Pizzie,rpizziepj@loc.gov,Polygender,223.58.124.155
921,Cecilia,Chafer,cchaferpk@feedburner.com,Female,152.169.84.201
922,Perry,Flatt,pflattpl@skype.com,Female,216.160.81.74
923,Fernandina,Croome,fcroomepm@mayoclinic.com,Female,202.113.117.125
924,Fredek,Cortese,fcortesepn@bing.com,Male,221.187.118.101
925,Thorn,Collelton,tcolleltonpo@google.com,Male,148.179.22.226
926,Ode,Sprulls,osprullspp@dedecms.com,Male,131.175.59.51
927,Elonore,Searjeant,esearjeantpq@feedburner.com,Female,33.167.229.146
928,Byrann,Soffe,bsoffepr@marketwatch.com,Male,247.176.101.83
929,Zorina,Barks,zbarksps@t.co,Polygender,120.63.226.99
930,Gonzales,Gniewosz,ggniewoszpt@trellian.com,Male,52.119.179.103
931,Clem,Dunkerly,cdunkerlypu@kickstarter.com,Male,122.39.92.4
932,Perice,Drable,pdrablepv@reference.com,Male,240.227.117.99
933,Loretta,Carayol,lcarayolpw@state.gov,Female,211.34.142.75
934,Arie,Walley,awalleypx@mozilla.org,Male,198.182.161.164
935,Carlynn,Twatt,ctwattpy@bloglovin.com,Female,36.64.55.232
936,Johnny,Johnigan,jjohniganpz@zimbio.com,Male,29.227.114.103
937,Pierre,Carn,pcarnq0@pagesperso-orange.fr,Male,214.163.175.148
938,Alina,Minci,aminciq1@miibeian.gov.cn,Female,233.83.39.240
939,Ransell,Shreeve,rshreeveq2@ycombinator.com,Male,178.172.249.3
940,Vincenty,Bingham,vbinghamq3@fda.gov,Male,126.11.234.186
941,Morty,Bartolacci,mbartolacciq4@sciencedaily.com,Male,213.232.121.140
942,Kennan,Rebert,krebertq5@google.nl,Male,216.136.246.38
943,Paddy,Berryman,pberrymanq6@deliciousdays.com,Male,39.190.147.176
944,Felice,De Vaan,fdevaanq7@oakley.com,Male,69.119.197.69
945,Alexio,Staziker,astazikerq8@jugem.jp,Male,252.118.219.35
946,Ephrayim,Bavister,ebavisterq9@thetimes.co.uk,Male,195.74.250.12
947,Domenico,Etheridge,detheridgeqa@zimbio.com,Male,186.229.174.8
948,Ricky,Ferry,rferryqb@ucoz.com,Male,189.192.132.23
949,Colver,Jagson,cjagsonqc@gravatar.com,Male,176.119.102.142
950,Candra,Cymper,ccymperqd@moonfruit.com,Female,252.251.227.210
951,Rachel,Yvens,ryvensqe@yandex.ru,Female,146.126.74.9
952,Urbano,Longman,ulongmanqf@1und1.de,Male,93.105.233.222
953,Maddie,Browning,mbrowningqg@alexa.com,Agender,32.100.254.215
954,Blanche,Maylor,bmaylorqh@g.co,Female,79.76.255.25
955,Maritsa,Willoughby,mwilloughbyqi@fema.gov,Female,131.60.84.35
956,Bryon,Karpmann,bkarpmannqj@tinypic.com,Male,68.106.174.164
957,Berti,Cornill,bcornillqk@examiner.com,Male,97.234.70.172
958,Tully,Halshaw,thalshawql@buzzfeed.com,Male,195.160.86.174
959,Brennen,Joint,bjointqm@bing.com,Male,125.45.62.215
960,Korella,Beviss,kbevissqn@usnews.com,Female,51.233.153.65
961,Isabelle,Auchinleck,iauchinleckqo@g.co,Female,135.71.93.127
962,Tedie,Woodroofe,twoodroofeqp@wordpress.com,Male,198.65.242.141
963,Wally,Gowans,wgowansqq@jiathis.com,Female,215.217.91.55
964,Rhianna,Berrycloth,rberryclothqr@qq.com,Female,243.181.161.207
965,Dulcia,Sibley,dsibleyqs@ihg.com,Female,190.43.122.184
966,Maura,Weal,mwealqt@sohu.com,Female,225.129.56.44
967,Elysee,Bootland,ebootlandqu@diigo.com,Female,60.75.17.15
968,Hyacinth,Crampsey,hcrampseyqv@cisco.com,Female,85.201.63.227
969,Cull,Spaule,cspauleqw@1688.com,Male,141.212.192.82
970,Rosaline,Goldhill,rgoldhillqx@de.vu,Female,102.192.64.179
971,Paddy,Duns,pdunsqy@vk.com,Non-binary,56.210.15.65
972,Joey,Petracci,jpetracciqz@cloudflare.com,Female,25.235.55.158
973,Philippa,Laguerre,plaguerrer0@dropbox.com,Female,199.154.124.66
974,Maxie,Affuso,maffusor1@paginegialle.it,Male,176.208.192.211
975,Garrott,Keohane,gkeohaner2@tumblr.com,Male,164.22.147.188
976,Morrie,MacLaverty,mmaclavertyr3@mediafire.com,Male,10.45.113.210
977,Cinderella,Deare,cdearer4@wired.com,Bigender,255.64.225.157
978,Deane,Housegoe,dhousegoer5@quantcast.com,Female,135.162.39.137
979,Marci,Everard,meverardr6@goo.gl,Female,170.57.82.165
980,Karine,Di Iorio,kdiiorior7@free.fr,Female,188.56.198.39
981,Randie,Mager,rmagerr8@fc2.com,Female,248.164.155.236
982,Daloris,Strother,dstrotherr9@mozilla.com,Agender,126.66.11.99
983,Rolf,MacLeese,rmacleesera@tuttocitta.it,Male,181.204.143.1
984,Vonni,Saggs,vsaggsrb@typepad.com,Non-binary,169.130.211.127
985,Emlyn,Seiffert,eseiffertrc@homestead.com,Male,39.47.10.72
986,Leela,Steinham,lsteinhamrd@reddit.com,Female,230.210.221.185
987,Penny,D'Acth,pdacthre@hud.gov,Non-binary,140.80.87.219
988,Chiquita,Latter,clatterrf@etsy.com,Non-binary,106.137.148.162
989,Teddie,Ellwand,tellwandrg@theglobeandmail.com,Female,88.42.221.54
990,Hattie,Sleith,hsleithrh@oracle.com,Female,119.133.59.82
991,Ondrea,Perazzo,operazzori@ehow.com,Female,75.179.249.116
992,Allison,Tootal,atootalrj@symantec.com,Female,194.103.25.48
993,Henrieta,Hoston,hhostonrk@ebay.com,Female,219.195.149.37
994,Katerine,Adelberg,kadelbergrl@hhs.gov,Genderfluid,114.21.79.29
995,Madonna,Acuna,macunarm@webs.com,Female,178.160.255.25
996,Stevie,McGarry,smcgarryrn@unesco.org,Male,255.166.95.122
997,Mahmud,Verralls,mverrallsro@clickbank.net,Male,18.42.233.248
998,Ari,Whodcoat,awhodcoatrp@t.co,Male,49.168.104.20
999,Neda,Oliva,nolivarq@elegantthemes.com,Female,184.161.116.109
1000,Herrick,O'Murtagh,homurtaghrr@sakura.ne.jp,Male,46.36.97.31
